<?xml version="1.0" encoding="UTF-8"?>
<!DOCTYPE mapper PUBLIC "-//mybatis.org//DTD Mapper 3.0//EN"
        "http://mybatis.org/dtd/mybatis-3-mapper.dtd">
<mapper namespace="deviceMapper">
    <!--根据设备id,更新设备为关闭状态-->
    <update id="updateDeviceOff" parameterType="com.haikong.model.ReqDevice">
        UPDATE device set onoffStatus = 0 ,asy_error_code = #{asy_error_code},create_time = #{create_time}
        WHERE device_id = #{device_id}
    </update>
    <!--根据设备的id,更新设备的相关信息-->
    <update id="updateDeviceDetail" parameterType="com.haikong.model.ReqDevice">
        UPDATE device SET onoffStatus = #{services.power_switch.on_off},data = #{data},create_time = #{create_time}
                          ,asy_error_code = #{asy_error_code}
          WHERE device_id = #{device_id};
    </update>
    <!--插入一条设备记录,与下方用户关系配合使用-->
    <insert id="insertDevice" parameterType="com.haikong.model.ReqDevice">
        INSERT INTO device (device_id, device_type, onoffStatus) VALUES (#{device_id},#{device_type},0)
    </insert>
    <!--插入一个用户设备关系记录-->
    <insert id="insertUserDevice" parameterType="com.haikong.model.ReqDevice">
        INSERT INTO user_device (device_id, user) VALUES (#{device_id},#{user})
    </insert>
    <!--删除一条用户设备关系记录-->
    <delete id="deleteUserDevice" parameterType="com.haikong.model.ReqDevice">
        DELETE FROM user_device WHERE device_id = #{device_id} AND user = #{user}
    </delete>
    <!--根据设备的id查询设备DATA信息,同时可以用来判断该设备是否存在-->
    <select id="findDeviceData" parameterType="string" resultType="string">
        SELECT data FROM device WHERE device_id = #{device_id}
    </select>
</mapper>